episode,timestep,reward,ep_length,elapsed_s,algo
1,1200,16.487,1200,1.2,dqn
2,1873,-67.766,673,1.3,dqn
3,2551,-73.313,678,1.6,dqn
4,3751,46.56,1200,2.4,dqn
5,3932,-78.28,181,2.5,dqn
6,4164,-78.128,232,2.6,dqn
7,4309,-89.408,145,2.7,dqn
8,4854,-86.544,545,3.1,dqn
9,5117,-78.842,263,3.2,dqn
10,5400,-80.829,283,3.4,dqn
11,6600,42.45,1200,4.2,dqn
12,6866,-77.422,266,4.4,dqn
13,7258,-77.201,392,4.6,dqn
14,7636,-76.088,378,4.9,dqn
15,8703,-55.76,1067,5.6,dqn
16,8984,-77.567,281,5.8,dqn
17,9200,-77.402,216,5.9,dqn
18,9591,-61.722,391,6.2,dqn
19,10186,-56.755,595,6.6,dqn
20,11038,-60.357,852,7.2,dqn
21,11551,-57.125,513,7.5,dqn
22,11754,-78.621,203,7.6,dqn
23,12460,-55.444,706,8.1,dqn
24,12578,-78.683,118,8.1,dqn
25,13118,-67.41,540,8.5,dqn
26,13241,-89.064,123,8.6,dqn
27,13537,-78.184,296,8.8,dqn
28,13879,-77.367,342,9.1,dqn
29,13979,-78.349,100,9.2,dqn
30,14412,-72.626,433,9.5,dqn
31,14510,-88.786,98,9.5,dqn
32,15050,-48.697,540,9.9,dqn
33,16250,64.448,1200,10.7,dqn
34,16948,180.318,698,11.2,dqn
35,17040,-89.141,92,11.2,dqn
36,17236,-78.046,196,11.4,dqn
37,17361,-78.174,125,11.4,dqn
38,17457,-78.475,96,11.5,dqn
39,17740,-76.576,283,11.7,dqn
40,17879,-79.068,139,11.8,dqn
41,18165,-77.364,286,12.0,dqn
42,18817,-32.336,652,12.5,dqn
43,19003,-78.207,186,12.6,dqn
44,19157,-76.366,154,12.7,dqn
45,20357,54.127,1200,13.5,dqn
46,20550,-78.83,193,13.6,dqn
47,20734,-76.361,184,13.8,dqn
48,21025,-76.558,291,14.0,dqn
49,21460,-72.831,435,14.2,dqn
50,22578,-29.674,1118,14.9,dqn
51,23001,-72.477,423,15.2,dqn
52,23116,-78.482,115,15.3,dqn
53,23278,-77.525,162,15.4,dqn
54,23634,-64.557,356,15.7,dqn
55,24330,-41.725,696,16.1,dqn
56,24859,-57.094,529,16.5,dqn
57,25079,-66.244,220,16.6,dqn
58,25448,-76.826,369,16.8,dqn
59,26648,59.567,1200,17.6,dqn
60,26885,-28.539,237,17.8,dqn
61,28085,53.899,1200,18.6,dqn
62,28627,-24.21,542,18.9,dqn
63,29000,-52.883,373,19.2,dqn
64,29432,-43.824,432,19.4,dqn
65,29991,-53.736,559,19.8,dqn
66,30795,-35.908,804,20.4,dqn
67,30894,-77.828,99,20.4,dqn
68,31741,-34.885,847,21.0,dqn
69,32120,-35.802,379,21.3,dqn
70,32594,-30.014,474,21.6,dqn
71,33031,-53.442,437,22.0,dqn
72,33118,-78.099,87,22.1,dqn
73,33300,-47.959,182,22.2,dqn
74,33587,-47.587,287,22.4,dqn
75,33866,-35.764,279,22.7,dqn
76,34337,-23.611,471,23.0,dqn
77,34538,-55.956,201,23.1,dqn
78,35071,-22.412,533,23.5,dqn
79,35388,-46.112,317,23.7,dqn
80,35647,-55.158,259,23.8,dqn
81,36039,-16.445,392,24.2,dqn
82,36444,-33.127,405,24.4,dqn
83,36751,-16.142,307,24.6,dqn
84,36961,-57.174,210,24.8,dqn
85,38161,45.103,1200,25.6,dqn
86,38486,-43.261,325,25.8,dqn
87,38705,-46.629,219,26.0,dqn
88,39117,-44.876,412,26.3,dqn
89,39416,-43.399,299,26.5,dqn
90,39672,-37.294,256,26.7,dqn
91,40872,45.474,1200,27.5,dqn
92,41393,-33.065,521,27.9,dqn
93,41638,-55.361,245,28.0,dqn
94,42016,-11.929,378,28.3,dqn
95,42328,-37.54,312,28.5,dqn
96,42591,-37.062,263,28.7,dqn
97,42843,-37.839,252,28.9,dqn
98,43085,-46.074,242,29.1,dqn
99,43449,-34.339,364,29.3,dqn
100,43762,-46.547,313,29.6,dqn
101,43941,-46.604,179,29.7,dqn
102,44172,-57.312,231,29.9,dqn
103,44701,-31.882,529,30.2,dqn
104,44988,-46.199,287,30.5,dqn
105,45184,-45.192,196,30.7,dqn
106,45432,-47.448,248,31.0,dqn
107,45796,-34.776,364,31.3,dqn
108,46254,-37.009,458,31.7,dqn
109,46490,-56.121,236,32.0,dqn
110,46693,-37.694,203,32.1,dqn
111,46852,-57.178,159,32.3,dqn
112,47284,-46.156,432,32.6,dqn
113,47441,-45.867,157,33.0,dqn
114,47655,-35.665,214,33.2,dqn
115,47834,-46.737,179,33.3,dqn
116,48044,-35.834,210,33.5,dqn
117,48366,-46.485,322,33.8,dqn
118,48724,-35.956,358,34.1,dqn
119,49253,-35.35,529,34.5,dqn
120,50453,25.26,1200,35.4,dqn
121,50689,-36.604,236,35.6,dqn
122,51141,-35.171,452,36.0,dqn
123,51361,-46.479,220,36.1,dqn
124,51518,-46.929,157,36.3,dqn
125,51751,-45.537,233,36.4,dqn
126,51893,-57.36,142,36.5,dqn
127,52323,-35.518,430,36.9,dqn
128,52495,-5.701,172,37.0,dqn
129,52639,-46.363,144,37.1,dqn
130,52882,-33.088,243,37.4,dqn
131,53122,-35.063,240,37.6,dqn
132,53439,4.862,317,37.8,dqn
133,53649,203.607,210,38.0,dqn
134,54024,-54.632,375,38.3,dqn
135,54256,212.268,232,38.4,dqn
136,54393,-47.828,137,38.5,dqn
137,54527,-47.371,134,38.7,dqn
138,54657,-47.555,130,38.8,dqn
139,54865,212.854,208,38.9,dqn
140,54939,-77.681,74,39.0,dqn
141,55140,-47.334,201,39.1,dqn
142,55334,-46.836,194,39.3,dqn
143,55482,-46.472,148,39.4,dqn
144,55700,212.556,218,39.6,dqn
145,55929,225.363,229,39.8,dqn
146,56114,-35.693,185,40.0,dqn
147,56373,-35.237,259,40.2,dqn
148,56551,-46.227,178,40.3,dqn
149,56709,-36.535,158,40.4,dqn
150,56905,-36.509,196,40.6,dqn
151,57092,212.33,187,40.7,dqn
152,57357,-47.18,265,40.9,dqn
153,57505,-16.667,148,41.0,dqn
154,57711,190.257,206,41.2,dqn
155,57928,-47.141,217,41.4,dqn
156,58036,-7.696,108,41.5,dqn
157,58168,-57.771,132,41.6,dqn
158,58341,-35.912,173,41.7,dqn
159,58491,222.807,150,41.9,dqn
160,58659,-56.376,168,42.0,dqn
161,58792,-47.264,133,42.1,dqn
162,59355,-36.065,563,42.5,dqn
163,59553,223.457,198,42.7,dqn
164,59671,-47.904,118,42.8,dqn
165,59782,-67.986,111,42.9,dqn
166,59951,212.574,169,43.0,dqn
167,60313,-32.468,362,43.2,dqn
168,60510,255.01,197,43.4,dqn
169,60633,203.404,123,43.5,dqn
170,60779,-57.167,146,43.6,dqn
171,60884,-47.032,105,43.7,dqn
172,61010,-47.131,126,43.8,dqn
173,61126,-56.55,116,43.9,dqn
174,61265,-7.43,139,44.0,dqn
175,61382,-47.926,117,44.1,dqn
176,61482,-6.665,100,44.2,dqn
177,61799,208.973,317,44.4,dqn
178,61963,-38.159,164,44.6,dqn
179,62079,-48.578,116,44.7,dqn
180,62251,-47.636,172,44.8,dqn
181,62379,-47.054,128,44.9,dqn
182,62536,-46.942,157,45.0,dqn
183,62672,212.939,136,45.1,dqn
184,62818,213.814,146,45.2,dqn
185,63011,214.066,193,45.4,dqn
186,63133,-46.402,122,45.5,dqn
187,63383,220.952,250,45.7,dqn
188,63487,-47.419,104,45.8,dqn
189,63630,-36.279,143,45.9,dqn
190,63739,-46.816,109,46.0,dqn
191,63842,-47.534,103,46.1,dqn
192,64065,213.284,223,46.3,dqn
193,64257,223.785,192,46.4,dqn
194,64409,-47.571,152,46.5,dqn
195,64530,-47.394,121,46.6,dqn
196,64678,-36.819,148,46.7,dqn
197,64809,-47.17,131,46.8,dqn
198,64917,-46.753,108,46.9,dqn
199,65074,212.811,157,47.0,dqn
200,65261,213.156,187,47.2,dqn
201,65446,-45.001,185,47.3,dqn
202,65561,-36.585,115,47.4,dqn
203,65684,-46.392,123,47.5,dqn
204,66030,-34.09,346,47.8,dqn
205,66136,-46.906,106,47.9,dqn
206,66256,-36.125,120,47.9,dqn
207,66386,-47.317,130,48.1,dqn
208,66512,-6.647,126,48.2,dqn
209,66647,212.442,135,48.3,dqn
210,66933,212.508,286,48.6,dqn
211,67050,212.112,117,48.6,dqn
212,67188,212.528,138,48.8,dqn
213,67316,212.661,128,48.9,dqn
214,67404,-46.939,88,48.9,dqn
215,67516,-47.467,112,49.0,dqn
216,67639,-46.934,123,49.1,dqn
217,67775,211.834,136,49.2,dqn
218,67917,213.311,142,49.3,dqn
219,68072,212.437,155,49.4,dqn
220,68174,-36.703,102,49.5,dqn
221,68279,-48.059,105,49.6,dqn
222,68374,-47.195,95,49.7,dqn
223,68575,222.859,201,49.8,dqn
224,68698,-46.598,123,49.9,dqn
225,68844,223.164,146,50.0,dqn
226,68949,-47.151,105,50.1,dqn
227,69071,-46.956,122,50.2,dqn
228,69177,-47.181,106,50.3,dqn
229,69330,223.867,153,50.4,dqn
230,69506,222.892,176,50.6,dqn
231,69615,-46.951,109,50.7,dqn
232,69698,-47.524,83,50.8,dqn
233,69833,213.177,135,50.9,dqn
234,69918,-47.328,85,50.9,dqn
235,70019,-46.461,101,51.0,dqn
236,70115,-46.681,96,51.1,dqn
237,70346,-40.119,231,51.3,dqn
238,70493,-36.105,147,51.4,dqn
239,70685,-35.563,192,51.5,dqn
240,70840,-38.304,155,51.7,dqn
241,70962,-6.549,122,51.8,dqn
242,71117,212.332,155,51.9,dqn
243,71220,-47.59,103,52.0,dqn
244,71312,-46.781,92,52.0,dqn
245,71428,-36.699,116,52.1,dqn
246,71518,-47.347,90,52.2,dqn
247,71660,213.071,142,52.3,dqn
248,71749,-47.454,89,52.4,dqn
249,71896,212.551,147,52.5,dqn
250,72068,211.478,172,52.7,dqn
251,72198,213.591,130,52.8,dqn
252,72325,-47.217,127,52.9,dqn
253,72523,-38.499,198,53.1,dqn
254,72600,-47.266,77,53.1,dqn
255,72873,-41.147,273,53.3,dqn
256,73001,-36.538,128,53.4,dqn
257,73088,-47.726,87,53.5,dqn
258,73204,-36.669,116,53.6,dqn
259,73445,209.581,241,53.8,dqn
260,73534,-47.233,89,53.9,dqn
261,73715,211.064,181,54.0,dqn
262,73859,-46.636,144,54.1,dqn
263,74027,223.956,168,54.2,dqn
264,74146,212.866,119,54.3,dqn
265,74322,210.256,176,54.5,dqn
266,74491,211.208,169,54.6,dqn
267,74602,212.701,111,54.7,dqn
268,74713,212.353,111,54.8,dqn
269,74823,213.004,110,54.9,dqn
270,74929,-46.645,106,55.0,dqn
271,75066,212.399,137,55.1,dqn
272,75171,-46.486,105,55.2,dqn
273,75288,212.901,117,55.3,dqn
274,75398,-46.826,110,55.4,dqn
275,75527,-35.956,129,55.5,dqn
276,75720,223.406,193,55.6,dqn
277,75807,-47.272,87,55.7,dqn
278,75899,-46.871,92,55.8,dqn
279,76051,212.566,152,55.9,dqn
280,76165,212.335,114,56.0,dqn
281,76342,-37.262,177,56.1,dqn
282,76508,223.878,166,56.3,dqn
283,76740,208.419,232,56.5,dqn
284,76837,-47.601,97,56.6,dqn
285,76942,-46.856,105,56.7,dqn
286,77169,209.503,227,56.9,dqn
287,77265,-47.203,96,57.0,dqn
288,77416,211.398,151,57.1,dqn
289,77566,210.837,150,57.2,dqn
290,77694,212.048,128,57.3,dqn
291,77798,212.502,104,57.4,dqn
292,77936,212.505,138,57.5,dqn
293,78085,210.204,149,57.6,dqn
294,78194,213.136,109,57.7,dqn
295,78310,212.716,116,57.8,dqn
296,79221,199.158,911,58.6,dqn
297,79316,212.402,95,58.6,dqn
298,79422,212.945,106,58.7,dqn
299,79567,224.336,145,58.8,dqn
300,79656,-47.092,89,58.9,dqn
301,79735,-47.903,79,59.0,dqn
302,79859,223.624,124,59.1,dqn
303,80039,253.804,180,59.3,dqn
304,80144,-48.661,105,59.4,dqn
305,80236,212.661,92,59.4,dqn
306,80362,213.018,126,59.6,dqn
307,80500,213.917,138,59.7,dqn
308,80616,-46.624,116,59.8,dqn
309,80782,213.028,166,59.9,dqn
310,81048,223.816,266,60.1,dqn
311,81148,-47.238,100,60.2,dqn
312,81298,213.312,150,60.3,dqn
313,81919,-43.94,621,60.9,dqn
314,82030,-36.515,111,60.9,dqn
315,82197,-48.967,167,61.1,dqn
316,82311,-48.189,114,61.2,dqn
317,82472,-37.417,161,61.3,dqn
318,82835,204.54,363,61.7,dqn
319,82943,212.596,108,61.7,dqn
320,83207,202.961,264,62.0,dqn
321,83315,212.155,108,62.1,dqn
322,83416,212.695,101,62.1,dqn
323,83559,212.376,143,62.3,dqn
324,83771,208.569,212,62.4,dqn
325,83921,210.536,150,62.6,dqn
326,84227,212.369,306,62.8,dqn
327,84348,202.96,121,62.9,dqn
328,84450,212.319,102,63.0,dqn
329,84559,212.976,109,63.1,dqn
330,84657,212.338,98,63.2,dqn
331,84791,211.596,134,63.3,dqn
332,84907,212.746,116,63.4,dqn
333,85110,212.108,203,63.6,dqn
334,85623,213.12,513,64.0,dqn
335,85750,-48.326,127,64.1,dqn
336,85938,211.684,188,64.3,dqn
337,86967,-59.88,1029,65.1,dqn
338,87673,217.011,706,65.7,dqn
339,87964,206.402,291,66.0,dqn
340,88107,212.75,143,66.1,dqn
341,88411,211.79,304,66.4,dqn
342,88534,212.171,123,66.5,dqn
343,88704,212.942,170,66.7,dqn
344,88900,213.771,196,66.8,dqn
345,89011,212.366,111,66.9,dqn
346,89126,212.571,115,67.0,dqn
347,89284,210.999,158,67.2,dqn
348,89395,213.034,111,67.3,dqn
349,89534,213.359,139,67.4,dqn
350,89655,211.954,121,67.5,dqn
351,89794,210.073,139,67.6,dqn
352,89884,212.739,90,67.7,dqn
353,89983,212.294,99,67.8,dqn
354,90177,215.016,194,68.0,dqn
355,90293,213.388,116,68.1,dqn
356,90403,212.878,110,68.2,dqn
357,90642,215.52,239,68.4,dqn
358,90787,212.426,145,68.6,dqn
359,90904,213.046,117,68.7,dqn
360,91009,212.732,105,68.8,dqn
361,91088,-47.16,79,68.8,dqn
362,91300,214.146,212,69.0,dqn
363,91406,212.914,106,69.1,dqn
364,91531,213.081,125,69.2,dqn
365,92232,221.552,701,69.8,dqn
366,92527,215.257,295,70.1,dqn
367,92628,213.144,101,70.2,dqn
368,92738,212.651,110,70.3,dqn
369,92861,212.451,123,70.4,dqn
370,93017,209.259,156,70.6,dqn
371,93203,215.273,186,70.7,dqn
372,93449,-52.893,246,70.9,dqn
373,93557,212.989,108,71.0,dqn
374,93660,213.038,103,71.1,dqn
375,93870,214.917,210,71.3,dqn
376,94279,215.76,409,71.7,dqn
377,94500,214.101,221,71.9,dqn
378,94670,213.683,170,72.0,dqn
379,94808,211.026,138,72.1,dqn
380,94931,212.489,123,72.3,dqn
381,95032,-48.03,101,72.4,dqn
382,95107,-47.541,75,72.4,dqn
383,95309,207.52,202,72.6,dqn
384,95418,212.137,109,72.7,dqn
385,95525,212.009,107,72.8,dqn
386,95637,213.031,112,72.9,dqn
387,95747,212.742,110,73.0,dqn
388,95848,212.712,101,73.1,dqn
389,95978,210.541,130,73.2,dqn
390,96081,212.3,103,73.3,dqn
391,96162,-47.111,81,73.3,dqn
392,96281,212.092,119,73.4,dqn
393,96381,212.362,100,73.5,dqn
394,96956,209.438,575,74.0,dqn
395,97101,213.191,145,74.2,dqn
396,97234,211.08,133,74.3,dqn
397,97347,-47.791,113,74.4,dqn
398,97443,213.048,96,74.5,dqn
399,97548,212.619,105,74.6,dqn
400,97645,212.336,97,74.8,dqn
401,97756,211.157,111,74.9,dqn
402,98016,206.776,260,75.1,dqn
403,98114,213.212,98,75.2,dqn
404,98221,212.86,107,75.3,dqn
405,98330,212.63,109,75.4,dqn
406,98464,202.425,134,75.5,dqn
407,98561,212.694,97,75.6,dqn
408,99761,6.459,1200,76.7,dqn
409,99882,211.736,121,76.8,dqn
410,99974,212.971,92,76.9,dqn
411,100091,212.876,117,77.0,dqn
412,100197,212.506,106,77.1,dqn
413,100317,211.968,120,77.2,dqn
414,100449,211.269,132,77.3,dqn
415,100591,212.364,142,77.4,dqn
416,100681,212.586,90,77.5,dqn
417,100780,213.132,99,77.6,dqn
418,100937,210.931,157,77.7,dqn
419,101029,212.417,92,77.8,dqn
420,101119,-47.029,90,77.9,dqn
421,101213,212.689,94,78.0,dqn
422,101321,212.492,108,78.0,dqn
423,101442,211.583,121,78.1,dqn
424,101580,211.748,138,78.3,dqn
425,101661,-46.971,81,78.4,dqn
426,101765,212.981,104,78.4,dqn
427,101841,-46.739,76,78.5,dqn
428,101947,211.97,106,78.6,dqn
429,102042,212.732,95,78.7,dqn
430,102135,212.512,93,78.8,dqn
431,102208,-47.53,73,78.9,dqn
432,102295,212.731,87,78.9,dqn
433,102386,-47.804,91,79.0,dqn
434,102505,212.367,119,79.1,dqn
435,102547,-78.666,42,79.2,dqn
436,102641,212.568,94,79.3,dqn
437,102738,212.804,97,79.4,dqn
438,102826,212.781,88,79.4,dqn
439,102918,212.624,92,79.5,dqn
440,103009,212.548,91,79.6,dqn
441,103078,-47.644,69,79.6,dqn
442,103301,218.369,223,79.8,dqn
443,103422,211.824,121,79.9,dqn
444,103592,208.941,170,80.1,dqn
445,103689,-47.734,97,80.2,dqn
446,104050,-66.225,361,80.4,dqn
447,104168,212.121,118,80.6,dqn
448,104251,-48.274,83,80.6,dqn
449,104358,212.063,107,80.7,dqn
450,104448,212.499,90,80.8,dqn
451,104537,212.421,89,80.9,dqn
452,104635,212.854,98,81.0,dqn
453,104726,212.597,91,81.1,dqn
454,104841,211.668,115,81.2,dqn
455,104932,212.388,91,81.3,dqn
456,105032,212.776,100,81.4,dqn
457,105131,212.521,99,81.5,dqn
458,105226,212.814,95,81.6,dqn
459,105319,-46.926,93,81.7,dqn
460,105434,212.896,115,81.8,dqn
461,105507,-47.419,73,81.8,dqn
462,105606,212.519,99,81.9,dqn
463,105651,-88.864,45,82.0,dqn
464,105729,-47.178,78,82.0,dqn
465,105823,212.572,94,82.1,dqn
466,105911,212.619,88,82.2,dqn
467,106000,-47.142,89,82.3,dqn
468,106132,213.221,132,82.4,dqn
469,106225,212.569,93,82.5,dqn
470,106317,-46.919,92,82.6,dqn
471,106407,212.764,90,82.6,dqn
472,106484,-46.892,77,82.7,dqn
473,106576,212.767,92,82.8,dqn
474,106645,-47.098,69,82.8,dqn
475,106733,212.619,88,82.9,dqn
476,106823,212.718,90,83.0,dqn
477,106917,212.725,94,83.1,dqn
478,107011,212.925,94,83.3,dqn
479,107130,213.082,119,83.4,dqn
480,107218,-47.063,88,83.5,dqn
481,107322,212.692,104,83.6,dqn
482,107393,-47.041,71,83.7,dqn
483,107490,212.896,97,83.8,dqn
484,107585,212.814,95,83.8,dqn
485,107698,213.324,113,83.9,dqn
486,107813,213.635,115,84.0,dqn
487,107940,223.998,127,84.1,dqn
488,108020,-46.886,80,84.2,dqn
489,108110,212.699,90,84.3,dqn
490,108183,-47.726,73,84.4,dqn
491,108294,212.719,111,84.5,dqn
492,108386,212.71,92,84.5,dqn
493,108473,212.791,87,84.6,dqn
494,108567,212.607,94,84.7,dqn
495,108665,213.146,98,84.8,dqn
496,108759,213.242,94,84.9,dqn
497,108856,212.711,97,84.9,dqn
498,108961,212.278,105,85.0,dqn
499,109065,212.869,104,85.1,dqn
500,109160,212.654,95,85.2,dqn
501,109275,212.778,115,85.3,dqn
502,109361,-48.002,86,85.4,dqn
503,109514,209.906,153,85.5,dqn
504,109619,212.398,105,85.7,dqn
505,109704,-46.759,85,85.7,dqn
506,109793,212.731,89,85.8,dqn
507,109881,-46.554,88,85.9,dqn
508,109983,212.781,102,86.0,dqn
509,110109,-46.844,126,86.1,dqn
510,110201,212.581,92,86.2,dqn
511,110273,-47.351,72,86.2,dqn
512,110347,-47.233,74,86.3,dqn
513,110441,212.916,94,86.4,dqn
514,110562,212.55,121,86.5,dqn
515,110674,213.068,112,86.6,dqn
516,110806,213.614,132,86.7,dqn
517,110902,213.369,96,86.8,dqn
518,111014,212.624,112,86.9,dqn
519,111148,-37.876,134,87.0,dqn
520,111242,212.769,94,87.1,dqn
521,111349,213.232,107,87.2,dqn
522,111448,213.059,99,87.3,dqn
523,111544,213.166,96,87.3,dqn
524,111656,213.323,112,87.5,dqn
525,111803,210.828,147,87.6,dqn
526,111912,191.862,109,87.7,dqn
527,112079,208.699,167,87.9,dqn
528,112185,212.681,106,88.0,dqn
529,112283,213.072,98,88.1,dqn
530,112378,213.032,95,88.2,dqn
531,112468,212.681,90,88.3,dqn
532,112560,-47.977,92,88.4,dqn
533,112644,-46.908,84,88.5,dqn
534,112743,212.922,99,88.5,dqn
535,112856,212.915,113,88.7,dqn
536,112955,212.68,99,88.8,dqn
537,113057,212.853,102,88.9,dqn
538,113155,212.52,98,89.0,dqn
539,113249,191.924,94,89.0,dqn
540,113343,212.67,94,89.1,dqn
541,113436,192.116,93,89.2,dqn
542,113532,192.139,96,89.3,dqn
543,113621,191.974,89,89.4,dqn
544,113710,-47.189,89,89.4,dqn
545,113803,212.662,93,89.5,dqn
546,113907,212.469,104,89.6,dqn
547,114019,212.864,112,89.7,dqn
548,114050,-89.035,31,89.7,dqn
549,114146,212.711,96,89.8,dqn
550,114246,213.093,100,89.9,dqn
551,114336,212.584,90,90.0,dqn
552,114450,212.883,114,90.1,dqn
553,114527,-47.651,77,90.2,dqn
554,114605,-47.42,78,90.3,dqn
555,114700,212.887,95,90.4,dqn
556,114832,213.071,132,90.5,dqn
557,114930,212.822,98,90.6,dqn
558,115026,212.721,96,90.6,dqn
559,115124,212.606,98,90.7,dqn
560,115223,212.824,99,90.8,dqn
561,115336,212.436,113,90.9,dqn
562,115431,212.798,95,91.0,dqn
563,115524,212.692,93,91.1,dqn
564,115672,210.18,148,91.2,dqn
565,115849,-51.382,177,91.3,dqn
566,115963,211.992,114,91.4,dqn
567,116062,212.682,99,91.5,dqn
568,116188,211.396,126,91.6,dqn
569,116350,209.048,162,91.8,dqn
570,116581,-53.881,231,92.0,dqn
571,116657,-46.856,76,92.1,dqn
572,116755,212.587,98,92.2,dqn
573,116856,212.684,101,92.3,dqn
574,116954,213.005,98,92.4,dqn
575,117051,212.971,97,92.5,dqn
576,117146,212.714,95,92.6,dqn
577,117245,192.206,99,92.6,dqn
578,117341,213.008,96,92.7,dqn
579,117434,212.726,93,92.8,dqn
580,117528,212.748,94,92.9,dqn
581,117618,212.676,90,93.0,dqn
582,117693,-47.303,75,93.0,dqn
583,117796,191.721,103,93.1,dqn
584,117899,212.771,103,93.2,dqn
585,118004,212.943,105,93.3,dqn
586,118107,-47.074,103,93.4,dqn
587,118203,212.634,96,93.5,dqn
588,118298,213.041,95,93.6,dqn
589,118395,212.856,97,93.7,dqn
590,118499,212.939,104,93.8,dqn
591,118594,192.299,95,93.8,dqn
592,118703,212.257,109,93.9,dqn
593,118798,212.738,95,94.0,dqn
594,118894,212.69,96,94.1,dqn
595,118990,212.769,96,94.2,dqn
596,119089,212.576,99,94.3,dqn
597,119188,192.222,99,94.4,dqn
598,119292,212.794,104,94.5,dqn
599,119396,212.95,104,94.6,dqn
600,119492,213.005,96,94.7,dqn
601,119594,212.733,102,94.8,dqn
602,119691,252.824,97,94.9,dqn
603,119781,212.563,90,95.0,dqn
604,119869,212.634,88,95.0,dqn
605,120059,219.937,190,95.2,dqn
606,120166,213.02,107,95.3,dqn
607,120265,212.547,99,95.4,dqn
608,120349,-47.411,84,95.4,dqn
609,120449,212.784,100,95.5,dqn
610,120559,212.832,110,95.6,dqn
611,120663,212.564,104,95.7,dqn
612,120765,212.733,102,95.8,dqn
613,120877,212.593,112,95.9,dqn
614,120973,212.806,96,96.0,dqn
615,121070,212.688,97,96.1,dqn
616,121171,212.722,101,96.2,dqn
617,121321,212.543,150,96.3,dqn
618,121420,212.624,99,96.4,dqn
619,121609,209.404,189,96.6,dqn
620,121705,212.649,96,96.7,dqn
621,121805,212.794,100,96.8,dqn
622,121899,212.782,94,96.9,dqn
623,122005,212.732,106,97.0,dqn
624,122131,212.273,126,97.1,dqn
625,122270,210.377,139,97.2,dqn
626,122399,210.582,129,97.3,dqn
627,122524,190.157,125,97.4,dqn
628,122649,213.163,125,97.6,dqn
629,122744,212.876,95,97.7,dqn
630,122857,212.288,113,97.8,dqn
631,122967,212.839,110,97.9,dqn
632,123066,212.811,99,97.9,dqn
633,123160,212.677,94,98.0,dqn
634,123257,212.624,97,98.1,dqn
635,123353,-47.136,96,98.2,dqn
636,123451,212.859,98,98.3,dqn
637,123551,212.849,100,98.4,dqn
638,123659,213.692,108,98.5,dqn
639,123795,213.133,136,98.6,dqn
640,123923,212.003,128,98.7,dqn
641,124020,212.616,97,98.8,dqn
642,124127,191.809,107,98.9,dqn
643,124210,-47.316,83,99.0,dqn
644,124313,191.869,103,99.1,dqn
645,124416,213.028,103,99.2,dqn
646,124505,-47.182,89,99.3,dqn
647,124592,-67.616,87,99.3,dqn
648,124688,212.871,96,99.4,dqn
649,124777,212.574,89,99.5,dqn
650,124887,211.738,110,99.6,dqn
651,124973,212.676,86,99.7,dqn
652,125084,252.379,111,99.8,dqn
653,125184,212.855,100,99.9,dqn
654,125285,212.975,101,100.0,dqn
655,125375,212.844,90,100.0,dqn
656,125479,212.634,104,100.1,dqn
657,125550,-47.456,71,100.2,dqn
658,125677,212.431,127,100.3,dqn
659,125796,212.457,119,100.4,dqn
660,125903,212.462,107,100.5,dqn
661,126001,212.486,98,100.6,dqn
662,126119,212.522,118,100.7,dqn
663,126218,212.445,99,100.8,dqn
664,126311,212.515,93,100.9,dqn
665,126410,212.506,99,101.0,dqn
666,126510,191.801,100,101.1,dqn
667,126610,212.489,100,101.2,dqn
668,126701,-46.524,91,101.3,dqn
669,126794,212.455,93,101.4,dqn
670,126897,212.574,103,101.4,dqn
671,127003,212.729,106,101.6,dqn
672,127100,212.545,97,101.6,dqn
673,127199,212.445,99,101.7,dqn
674,127301,212.595,102,101.8,dqn
675,127402,212.581,101,101.9,dqn
676,127500,212.495,98,102.0,dqn
677,127601,212.391,101,102.1,dqn
678,127701,212.832,100,102.2,dqn
679,127808,212.895,107,102.3,dqn
680,127904,212.706,96,102.4,dqn
681,128002,212.959,98,102.4,dqn
682,128098,212.72,96,102.5,dqn
683,128195,212.72,97,102.6,dqn
684,128354,222.051,159,102.7,dqn
685,128452,212.859,98,102.8,dqn
686,128555,212.836,103,102.9,dqn
687,128656,213.253,101,103.0,dqn
688,128772,203.511,116,103.1,dqn
689,128869,212.692,97,103.2,dqn
690,128964,212.941,95,103.4,dqn
691,129045,-47.621,81,103.5,dqn
692,129146,212.656,101,103.6,dqn
693,129246,253.055,100,103.7,dqn
694,129342,212.542,96,103.7,dqn
695,129435,212.964,93,103.8,dqn
696,129530,213.149,95,103.9,dqn
697,129631,212.863,101,104.0,dqn
698,129726,212.618,95,104.1,dqn
699,129808,-47.425,82,104.2,dqn
700,129911,212.951,103,104.2,dqn
701,130011,212.659,100,104.3,dqn
702,130113,212.488,102,104.4,dqn
703,130211,212.843,98,104.5,dqn
704,130306,212.457,95,104.6,dqn
705,130414,212.556,108,104.7,dqn
706,130514,212.892,100,104.8,dqn
707,130611,212.411,97,104.9,dqn
708,130698,-47.122,87,104.9,dqn
709,130800,212.961,102,105.0,dqn
710,130881,-47.516,81,105.1,dqn
711,130983,213.014,102,105.2,dqn
712,131086,213.007,103,105.3,dqn
713,131191,212.642,105,105.4,dqn
714,131287,191.988,96,105.5,dqn
715,131381,-37.029,94,105.6,dqn
716,131487,212.79,106,105.7,dqn
717,131594,212.238,107,105.8,dqn
718,131743,212.415,149,105.9,dqn
719,131866,213.353,123,106.0,dqn
720,131970,212.481,104,106.1,dqn
721,132747,-81.367,777,106.8,dqn
722,133098,-51.628,351,107.1,dqn
723,133314,192.15,216,107.3,dqn
724,133602,-47.195,288,107.6,dqn
725,133790,211.984,188,107.7,dqn
726,133866,-47.397,76,107.8,dqn
727,134084,197.564,218,108.0,dqn
728,134246,212.174,162,108.2,dqn
729,134341,212.452,95,108.3,dqn
730,134432,192.379,91,108.4,dqn
731,134544,213.051,112,108.5,dqn
732,134637,253.249,93,108.7,dqn
733,134753,213.127,116,108.8,dqn
734,134900,191.834,147,109.0,dqn
735,134988,212.841,88,109.1,dqn
736,135241,-40.073,253,109.3,dqn
737,135366,212.611,125,109.5,dqn
738,135443,-47.275,77,109.6,dqn
739,135552,212.859,109,109.7,dqn
740,135757,209.677,205,109.9,dqn
741,135860,212.697,103,110.1,dqn
742,135984,211.696,124,110.2,dqn
743,136087,212.656,103,110.3,dqn
744,136168,-46.971,81,110.4,dqn
745,136268,213.096,100,110.5,dqn
746,136362,212.839,94,110.6,dqn
747,136457,212.789,95,110.7,dqn
748,136576,211.999,119,110.8,dqn
749,136677,212.864,101,110.9,dqn
750,136787,213.317,110,111.0,dqn
751,136876,-47.18,89,111.1,dqn
752,136976,212.692,100,111.2,dqn
753,137076,212.799,100,111.3,dqn
754,137188,213.139,112,111.4,dqn
755,137280,-47.122,92,111.5,dqn
756,137379,212.851,99,111.5,dqn
757,137476,213.046,97,111.8,dqn
758,137586,212.813,110,111.9,dqn
759,137676,-46.8,90,112.0,dqn
760,137760,212.507,84,112.2,dqn
761,137974,208.864,214,112.4,dqn
762,138067,213.091,93,112.5,dqn
763,138165,212.974,98,112.7,dqn
764,138258,212.686,93,112.8,dqn
765,138359,213.206,101,112.9,dqn
766,138461,212.759,102,113.0,dqn
767,138565,212.73,104,113.1,dqn
768,138661,212.871,96,113.2,dqn
769,138753,212.741,92,113.3,dqn
770,138852,212.849,99,113.4,dqn
771,138953,212.948,101,113.5,dqn
772,139050,212.858,97,113.6,dqn
773,139149,212.846,99,113.7,dqn
774,139245,212.536,96,113.8,dqn
775,139342,212.504,97,113.9,dqn
776,139444,213.132,102,114.0,dqn
777,139545,212.686,101,114.1,dqn
778,139653,212.068,108,114.2,dqn
779,139759,213.128,106,114.3,dqn
780,139874,213.401,115,114.4,dqn
781,139976,212.751,102,114.5,dqn
782,140075,212.856,99,114.6,dqn
783,140158,212.832,83,114.6,dqn
784,140270,-81.847,112,114.7,dqn
785,140366,212.584,96,114.8,dqn
786,140437,-47.174,71,114.9,dqn
787,140531,212.67,94,115.0,dqn
788,140651,213.041,120,115.1,dqn
789,140743,212.736,92,115.1,dqn
790,140840,212.661,97,115.2,dqn
791,140939,212.811,99,115.3,dqn
792,141048,213.044,109,115.4,dqn
793,141161,213.209,113,115.5,dqn
794,141316,210.109,155,115.6,dqn
795,141402,-46.955,86,115.7,dqn
796,141504,212.951,102,115.8,dqn
797,141613,213.108,109,115.9,dqn
798,141716,213.052,103,116.0,dqn
799,141811,212.816,95,116.1,dqn
800,141908,212.894,97,116.2,dqn
801,142006,213.113,98,116.3,dqn
802,142124,212.591,118,116.4,dqn
803,142300,198.868,176,116.6,dqn
804,142390,212.951,90,116.7,dqn
805,142779,188.701,389,117.0,dqn
806,142863,-47.037,84,117.1,dqn
807,142965,212.939,102,117.2,dqn
808,143057,212.861,92,117.2,dqn
809,143202,210.737,145,117.4,dqn
810,143285,-47.043,83,117.4,dqn
811,143384,212.809,99,117.5,dqn
812,143483,212.532,99,117.6,dqn
813,143556,-47.12,73,117.7,dqn
814,143648,212.921,92,117.7,dqn
815,143741,212.688,93,117.8,dqn
816,143840,212.846,99,117.9,dqn
817,143948,213.304,108,118.0,dqn
818,144028,-47.079,80,118.1,dqn
819,144145,212.506,117,118.2,dqn
820,144236,212.862,91,118.3,dqn
821,144339,212.99,103,118.4,dqn
822,144437,213.271,98,118.5,dqn
823,144537,213.028,100,118.6,dqn
824,145737,5.205,1200,119.6,dqn
825,145837,212.79,100,119.7,dqn
826,147037,8.181,1200,120.7,dqn
827,147173,212.259,136,120.8,dqn
828,147319,211.884,146,120.9,dqn
829,147418,212.728,99,121.0,dqn
830,147585,211.266,167,121.2,dqn
831,147688,212.664,103,121.3,dqn
832,147785,212.488,97,121.3,dqn
833,147885,212.698,100,121.4,dqn
834,147987,212.59,102,121.5,dqn
835,148068,-46.592,81,121.6,dqn
836,149268,14.039,1200,122.6,dqn
837,149364,213.077,96,122.7,dqn
838,149465,212.866,101,122.8,dqn
839,149570,212.693,105,122.9,dqn
840,149708,190.558,138,123.0,dqn
841,149808,212.788,100,123.1,dqn
842,149910,212.609,102,123.2,dqn
843,150423,198.501,513,123.6,dqn
844,150530,213.057,107,123.7,dqn
845,150612,-47.27,82,123.8,dqn
846,150707,212.685,95,123.9,dqn
847,150849,213.421,142,124.0,dqn
848,150950,212.174,101,124.2,dqn
849,151047,212.786,97,124.3,dqn
850,151144,212.486,97,124.3,dqn
851,151240,213.074,96,124.4,dqn
852,151336,212.519,96,124.5,dqn
853,151435,202.746,99,124.6,dqn
854,151532,212.655,97,124.7,dqn
855,151633,212.411,101,124.8,dqn
856,151733,212.856,100,124.9,dqn
857,151832,212.386,99,125.0,dqn
858,151924,212.861,92,125.1,dqn
859,152004,-47.27,80,125.2,dqn
860,152093,212.498,89,125.3,dqn
861,152186,-47.221,93,125.4,dqn
862,152299,213.011,113,125.5,dqn
863,152397,212.696,98,125.6,dqn
864,152505,212.823,108,125.7,dqn
865,152600,212.89,95,125.8,dqn
866,152691,-47.253,91,125.9,dqn
867,152790,212.796,99,126.0,dqn
868,152932,210.375,142,126.1,dqn
869,153084,210.681,152,126.2,dqn
870,153186,212.8,102,126.3,dqn
871,153303,212.507,117,126.4,dqn
872,153391,212.357,88,126.5,dqn
873,153475,212.657,84,126.6,dqn
874,153559,212.828,84,126.6,dqn
875,153658,213.064,99,126.7,dqn
876,153756,212.559,98,126.8,dqn
877,153855,203.0,99,126.9,dqn
878,153954,212.886,99,127.0,dqn
879,154058,213.353,104,127.1,dqn
880,154159,212.684,101,127.2,dqn
881,154258,212.809,99,127.3,dqn
882,154359,213.011,101,127.4,dqn
883,154460,212.625,101,127.5,dqn
884,154553,213.139,93,127.6,dqn
885,154643,212.813,90,127.7,dqn
886,154736,212.739,93,127.7,dqn
887,154834,212.851,98,127.8,dqn
888,154929,212.729,95,127.9,dqn
889,155029,212.564,100,128.0,dqn
890,155135,212.993,106,128.1,dqn
891,156335,-13.329,1200,129.1,dqn
892,156580,210.379,245,129.3,dqn
893,156695,213.337,115,129.4,dqn
894,156791,212.916,96,129.5,dqn
895,156888,212.866,97,129.6,dqn
896,156985,212.791,97,129.7,dqn
897,157080,212.872,95,129.8,dqn
898,157172,-47.166,92,129.9,dqn
899,157269,212.766,97,129.9,dqn
900,157367,212.861,98,130.0,dqn
901,158567,-1.018,1200,131.2,dqn
902,159767,24.245,1200,132.3,dqn
903,159864,212.87,97,132.4,dqn
904,159964,212.841,100,132.5,dqn
905,160063,212.722,99,132.6,dqn
906,161263,26.453,1200,133.6,dqn
907,161356,213.11,93,133.7,dqn
908,161453,212.902,97,133.8,dqn
909,162653,38.427,1200,134.8,dqn
910,162749,212.594,96,134.9,dqn
911,162852,213.036,103,135.0,dqn
912,162932,-47.317,80,135.1,dqn
913,163031,212.764,99,135.1,dqn
914,163126,212.967,95,135.2,dqn
915,163223,212.959,97,135.3,dqn
916,163309,-46.907,86,135.4,dqn
917,163404,212.646,95,135.5,dqn
918,163503,212.802,99,135.5,dqn
919,163598,213.336,95,135.6,dqn
920,163906,-39.351,308,135.9,dqn
921,163985,-47.382,79,136.0,dqn
922,164129,-35.453,144,136.1,dqn
923,164215,-47.281,86,136.2,dqn
924,164312,213.185,97,136.3,dqn
925,164408,212.984,96,136.4,dqn
926,164506,212.864,98,136.5,dqn
927,165706,3.521,1200,137.5,dqn
928,165804,212.886,98,137.6,dqn
929,166013,-38.165,209,137.8,dqn
930,167213,7.651,1200,138.9,dqn
931,168413,17.067,1200,139.9,dqn
932,168580,209.364,167,140.0,dqn
933,169780,46.523,1200,141.1,dqn
934,169876,212.84,96,141.2,dqn
935,170082,207.821,206,141.3,dqn
936,170184,-47.447,102,141.4,dqn
937,170322,211.608,138,141.6,dqn
938,170448,211.518,126,141.7,dqn
939,171648,-23.856,1200,142.7,dqn
940,171757,212.731,109,142.8,dqn
941,171850,213.021,93,142.9,dqn
942,171956,213.182,106,143.0,dqn
943,172061,212.554,105,143.1,dqn
944,172353,223.4,292,143.3,dqn
945,173553,-5.061,1200,144.4,dqn
946,173713,211.599,160,144.5,dqn
947,173849,223.998,136,144.6,dqn
948,173959,213.371,110,144.7,dqn
949,174062,212.782,103,144.8,dqn
950,174200,213.449,138,145.0,dqn
951,174297,212.829,97,145.1,dqn
952,174420,212.963,123,145.2,dqn
953,174522,212.959,102,145.3,dqn
954,174628,212.884,106,145.4,dqn
955,174728,212.92,100,145.5,dqn
956,174840,213.391,112,145.6,dqn
957,174941,213.041,101,145.7,dqn
958,175040,212.79,99,145.7,dqn
959,175171,211.911,131,145.9,dqn
960,176371,18.002,1200,147.0,dqn
961,176502,213.599,131,147.1,dqn
962,176605,213.001,103,147.2,dqn
963,176696,-46.585,91,147.2,dqn
964,176796,212.936,100,147.3,dqn
965,177156,218.544,360,147.6,dqn
966,177262,213.196,106,147.7,dqn
967,177359,212.982,97,147.8,dqn
968,177620,211.839,261,148.1,dqn
969,178190,210.223,570,148.5,dqn
970,178340,213.671,150,148.7,dqn
971,179540,50.784,1200,149.9,dqn
972,180740,49.537,1200,151.0,dqn
973,180878,212.727,138,151.1,dqn
974,180976,213.479,98,151.2,dqn
975,181077,212.669,101,151.3,dqn
976,181532,211.237,455,151.7,dqn
977,181675,211.383,143,151.8,dqn
978,181775,-47.601,100,151.9,dqn
979,181970,209.64,195,152.1,dqn
980,182280,210.753,310,152.3,dqn
981,182411,212.074,131,152.4,dqn
982,183611,68.599,1200,153.5,dqn
983,183810,211.532,199,153.7,dqn
984,184058,210.269,248,153.9,dqn
985,184218,212.709,160,154.0,dqn
986,184362,-47.527,144,154.1,dqn
987,184551,212.841,189,154.3,dqn
988,184693,-48.732,142,154.4,dqn
989,184889,-36.632,196,154.6,dqn
990,185012,212.288,123,154.7,dqn
991,185161,211.228,149,154.8,dqn
992,185279,-47.558,118,154.9,dqn
993,185403,212.767,124,155.0,dqn
994,185533,212.252,130,155.2,dqn
995,185700,211.182,167,155.3,dqn
996,185847,213.904,147,155.4,dqn
997,185979,211.199,132,155.5,dqn
998,186146,213.14,167,155.7,dqn
999,186561,213.524,415,156.1,dqn
1000,186677,213.351,116,156.2,dqn
1001,186778,212.589,101,156.3,dqn
1002,186908,212.311,130,156.4,dqn
1003,186992,-47.279,84,156.5,dqn
1004,187103,213.228,111,156.6,dqn
1005,187206,212.912,103,156.7,dqn
1006,187330,213.128,124,156.8,dqn
1007,187462,211.708,132,156.9,dqn
1008,187601,212.976,139,157.0,dqn
1009,187704,213.079,103,157.1,dqn
1010,187852,211.904,148,157.3,dqn
1011,187968,213.224,116,157.4,dqn
1012,188072,213.103,104,157.5,dqn
1013,188195,-49.472,123,157.6,dqn
1014,188430,206.594,235,157.8,dqn
1015,189630,30.974,1200,158.9,dqn
1016,189920,206.135,290,159.1,dqn
1017,190056,212.069,136,159.2,dqn
1018,190157,213.041,101,159.3,dqn
1019,190320,212.331,163,159.4,dqn
1020,190372,-78.298,52,159.5,dqn
1021,190565,214.749,193,159.6,dqn
1022,190779,211.193,214,159.8,dqn
1023,190934,-48.839,155,160.0,dqn
1024,191104,210.004,170,160.1,dqn
1025,191226,211.766,122,160.2,dqn
1026,191365,210.955,139,160.4,dqn
1027,191509,211.031,144,160.5,dqn
1028,192165,213.451,656,161.1,dqn
1029,192277,212.962,112,161.1,dqn
1030,192385,-69.124,108,161.2,dqn
1031,192511,-46.937,126,161.3,dqn
1032,192658,213.771,147,161.5,dqn
1033,193573,198.3,915,162.2,dqn
1034,193881,203.695,308,162.5,dqn
1035,194090,210.561,209,162.7,dqn
1036,194312,212.471,222,162.9,dqn
1037,194591,212.146,279,163.1,dqn
1038,194719,212.728,128,163.2,dqn
1039,194907,210.229,188,163.4,dqn
1040,195004,213.096,97,163.5,dqn
1041,195760,187.417,756,164.1,dqn
1042,195989,207.2,229,164.3,dqn
1043,196609,206.421,620,164.9,dqn
1044,196812,-49.342,203,165.1,dqn
1045,196962,211.575,150,165.2,dqn
1046,197564,213.024,602,165.7,dqn
1047,197809,210.641,245,165.9,dqn
1048,197953,211.626,144,166.0,dqn
1049,198548,205.03,595,166.6,dqn
1050,198714,210.378,166,166.7,dqn
1051,198841,213.284,127,166.9,dqn
1052,199133,-57.944,292,167.1,dqn
1053,199294,211.401,161,167.3,dqn
1054,199376,-67.53,82,167.4,dqn
1055,199529,212.517,153,167.5,dqn
1056,199724,211.539,195,167.7,dqn
1057,200175,207.079,451,168.1,dqn
1058,200278,213.101,103,168.2,dqn
1059,200592,211.881,314,168.5,dqn
1060,200715,213.654,123,168.6,dqn
1061,200840,211.779,125,168.7,dqn
1062,200954,213.12,114,168.8,dqn
1063,201071,212.803,117,168.9,dqn
1064,201440,204.098,369,169.3,dqn
1065,202065,211.434,625,169.8,dqn
1066,202256,209.121,191,170.0,dqn
1067,202417,210.177,161,170.1,dqn
1068,202590,-51.066,173,170.3,dqn
1069,203058,210.679,468,170.6,dqn
1070,203160,202.819,102,170.7,dqn
1071,203339,202.43,179,170.9,dqn
1072,203732,212.849,393,171.3,dqn
1073,203963,213.011,231,171.5,dqn
1074,204103,203.309,140,171.6,dqn
1075,204223,-46.641,120,171.7,dqn
1076,204340,-57.171,117,171.8,dqn
1077,204515,212.742,175,172.0,dqn
1078,204698,214.278,183,172.1,dqn
1079,205204,202.238,506,172.6,dqn
1080,205344,212.9,140,172.7,dqn
1081,205502,-65.421,158,172.9,dqn
1082,206052,209.053,550,173.5,dqn
1083,206230,211.804,178,173.7,dqn
1084,206348,212.889,118,173.8,dqn
1085,206500,211.073,152,173.9,dqn
1086,206877,211.007,377,174.2,dqn
1087,207071,212.858,194,174.4,dqn
1088,207178,212.751,107,174.5,dqn
1089,207274,192.406,96,174.6,dqn
1090,207356,-67.532,82,174.6,dqn
1091,207439,-67.476,83,174.7,dqn
1092,207541,192.251,102,174.8,dqn
1093,207653,192.114,112,174.9,dqn
1094,207704,-77.715,51,174.9,dqn
1095,207802,192.063,98,175.0,dqn
1096,207905,213.103,103,175.1,dqn
1097,208211,196.671,306,175.4,dqn
1098,208299,192.295,88,175.5,dqn
1099,208403,192.125,104,175.6,dqn
1100,209186,222.121,783,176.3,dqn
1101,209296,202.512,110,176.4,dqn
1102,209465,204.428,169,176.6,dqn
1103,209627,212.786,162,176.7,dqn
1104,209789,213.122,162,176.8,dqn
1105,210146,217.035,357,177.2,dqn
1106,210259,213.467,113,177.3,dqn
1107,210366,213.349,107,177.4,dqn
1108,210853,184.905,487,177.9,dqn
1109,210957,192.709,104,178.0,dqn
1110,211180,191.954,223,178.2,dqn
1111,211309,193.251,129,178.3,dqn
1112,211415,192.199,106,178.4,dqn
1113,212577,187.97,1162,179.4,dqn
1114,212677,192.726,100,179.5,dqn
1115,212830,-47.253,153,179.7,dqn
1116,212920,192.178,90,179.8,dqn
1117,213020,192.295,100,179.9,dqn
1118,213118,192.309,98,180.0,dqn
1119,213221,212.906,103,180.0,dqn
1120,213327,192.344,106,180.2,dqn
1121,213432,192.172,105,180.3,dqn
1122,213541,213.397,109,180.4,dqn
1123,213646,213.041,105,180.5,dqn
1124,213739,192.27,93,180.5,dqn
1125,213840,-66.302,101,180.6,dqn
1126,213933,-47.19,93,180.7,dqn
1127,214045,192.855,112,180.8,dqn
1128,214151,212.79,106,180.9,dqn
1129,214252,212.692,101,181.0,dqn
1130,214685,219.526,433,181.3,dqn
1131,214783,212.911,98,181.4,dqn
1132,215006,209.244,223,181.6,dqn
1133,215107,212.661,101,181.7,dqn
1134,215211,212.787,104,181.8,dqn
1135,215315,212.902,104,181.9,dqn
1136,215517,209.414,202,182.1,dqn
1137,215635,213.124,118,182.2,dqn
1138,215744,212.588,109,182.3,dqn
1139,215915,213.259,171,182.5,dqn
1140,216120,212.763,205,182.7,dqn
1141,216252,213.812,132,182.8,dqn
1142,216369,213.371,117,182.9,dqn
1143,216544,214.374,175,183.0,dqn
1144,216648,212.982,104,183.1,dqn
1145,216746,192.062,98,183.2,dqn
1146,216843,213.014,97,183.3,dqn
1147,216952,213.089,109,183.4,dqn
1148,217051,213.158,99,183.5,dqn
1149,217151,212.885,100,183.6,dqn
1150,217252,213.064,101,183.7,dqn
1151,217341,-47.206,89,183.7,dqn
1152,217439,212.96,98,183.8,dqn
1153,217592,-50.331,153,184.0,dqn
1154,217716,213.586,124,184.1,dqn
1155,217822,213.339,106,184.2,dqn
1156,217920,191.97,98,184.3,dqn
1157,218022,212.96,102,184.4,dqn
1158,218170,214.181,148,184.6,dqn
1159,218267,212.772,97,184.7,dqn
1160,218360,213.053,93,184.7,dqn
1161,218466,213.405,106,184.8,dqn
1162,218600,211.214,134,185.0,dqn
1163,218721,213.548,121,185.1,dqn
1164,218825,213.181,104,185.2,dqn
1165,218918,213.134,93,185.2,dqn
1166,219027,213.176,109,185.3,dqn
1167,219182,213.542,155,185.5,dqn
1168,219307,213.332,125,185.6,dqn
1169,219557,213.729,250,185.8,dqn
1170,219661,-46.141,104,185.9,dqn
1171,219969,213.237,308,186.2,dqn
1172,220081,-45.746,112,186.3,dqn
1173,220386,215.168,305,186.6,dqn
1174,220598,224.189,212,186.8,dqn
1175,220701,-46.186,103,186.8,dqn
1176,220791,-46.719,90,186.9,dqn
1177,220903,213.318,112,187.0,dqn
1178,221021,213.595,118,187.1,dqn
1179,221130,213.661,109,187.2,dqn
1180,221251,213.442,121,187.3,dqn
1181,221375,-45.609,124,187.4,dqn
1182,221563,211.798,188,187.6,dqn
1183,221741,214.871,178,187.8,dqn
1184,221996,216.18,255,188.0,dqn
1185,222114,-46.246,118,188.1,dqn
1186,222288,214.811,174,188.2,dqn
1187,222487,215.117,199,188.4,dqn
1188,222605,-46.145,118,188.5,dqn
1189,222785,214.919,180,188.7,dqn
1190,222892,213.518,107,188.8,dqn
1191,222976,-47.154,84,188.9,dqn
1192,223110,213.615,134,189.0,dqn
1193,223219,213.459,109,189.1,dqn
1194,223321,213.373,102,189.2,dqn
1195,223410,-46.691,89,189.3,dqn
1196,223514,213.216,104,189.4,dqn
1197,223632,213.189,118,189.5,dqn
1198,223736,213.392,104,189.6,dqn
1199,223836,213.142,100,189.6,dqn
1200,223934,213.138,98,189.7,dqn
1201,224034,212.941,100,189.8,dqn
1202,224133,213.172,99,189.9,dqn
1203,224254,213.566,121,190.0,dqn
1204,224357,212.928,103,190.1,dqn
1205,224459,213.073,102,190.2,dqn
1206,224545,-46.591,86,190.3,dqn
1207,224637,212.821,92,190.4,dqn
1208,224851,209.072,214,190.6,dqn
1209,224934,-46.978,83,190.7,dqn
1210,225036,213.042,102,190.8,dqn
1211,225131,213.007,95,190.9,dqn
1212,225236,213.036,105,191.0,dqn
1213,225354,213.601,118,191.1,dqn
1214,225452,212.716,98,191.2,dqn
1215,225565,212.633,113,191.3,dqn
1216,225665,212.699,100,191.4,dqn
1217,225924,222.327,259,191.6,dqn
1218,226036,212.934,112,191.7,dqn
1219,226134,212.807,98,191.8,dqn
1220,226228,213.226,94,191.9,dqn
1221,226333,-47.45,105,192.0,dqn
1222,226426,212.941,93,192.1,dqn
1223,226523,212.91,97,192.2,dqn
1224,226636,212.784,113,192.3,dqn
1225,226738,213.043,102,192.4,dqn
1226,226815,-47.117,77,192.4,dqn
1227,226934,212.193,119,192.6,dqn
1228,227033,212.911,99,192.6,dqn
1229,227112,-46.782,79,192.7,dqn
1230,227217,200.803,105,192.8,dqn
1231,227340,213.246,123,192.9,dqn
1232,227436,212.814,96,193.0,dqn
1233,227523,-46.819,87,193.1,dqn
1234,227621,212.968,98,193.2,dqn
1235,227736,212.186,115,193.3,dqn
1236,227884,211.197,148,193.5,dqn
1237,227984,213.086,100,193.5,dqn
1238,228105,212.216,121,193.7,dqn
1239,228211,213.211,106,193.8,dqn
1240,228326,212.677,115,193.9,dqn
1241,229415,-52.345,1089,194.8,dqn
1242,229663,213.094,248,195.0,dqn
1243,229755,212.961,92,195.1,dqn
1244,229865,212.183,110,195.2,dqn
1245,229967,212.671,102,195.3,dqn
1246,230064,212.864,97,195.4,dqn
1247,230167,212.869,103,195.5,dqn
1248,230269,212.786,102,195.6,dqn
1249,230355,212.931,86,195.7,dqn
1250,230458,213.272,103,195.8,dqn
1251,230570,212.044,112,195.9,dqn
1252,230683,-47.184,113,196.0,dqn
1253,230790,212.763,107,196.1,dqn
1254,230900,213.256,110,196.2,dqn
1255,231004,212.807,104,196.3,dqn
1256,231101,212.864,97,196.4,dqn
1257,231225,212.019,124,196.5,dqn
1258,231326,213.241,101,196.6,dqn
1259,231442,213.207,116,196.7,dqn
1260,231518,-46.495,76,196.8,dqn
1261,231667,212.188,149,196.9,dqn
1262,231789,211.813,122,197.0,dqn
1263,231886,212.766,97,197.1,dqn
1264,231987,212.766,101,197.2,dqn
1265,232123,210.962,136,197.3,dqn
1266,232309,209.168,186,197.5,dqn
1267,232422,212.692,113,197.6,dqn
1268,232524,213.252,102,197.7,dqn
1269,232623,212.826,99,197.8,dqn
1270,233070,197.448,447,198.3,dqn
1271,233180,213.209,110,198.4,dqn
1272,233286,191.981,106,198.5,dqn
1273,233381,212.866,95,198.6,dqn
1274,233480,212.474,99,198.7,dqn
1275,233586,212.883,106,198.8,dqn
1276,233714,212.896,128,198.9,dqn
1277,233803,-46.972,89,199.0,dqn
1278,233924,213.422,121,199.1,dqn
1279,234015,-47.199,91,199.1,dqn
1280,234106,-46.928,91,199.2,dqn
1281,234207,213.301,101,199.3,dqn
1282,234299,212.639,92,199.4,dqn
1283,234386,-46.724,87,199.5,dqn
1284,234486,212.808,100,199.6,dqn
1285,234584,212.748,98,199.7,dqn
1286,234676,-47.231,92,199.7,dqn
1287,234774,212.622,98,199.8,dqn
1288,234873,212.681,99,199.9,dqn
1289,235031,222.242,158,200.1,dqn
1290,235127,212.709,96,200.2,dqn
1291,235222,212.859,95,200.2,dqn
1292,235318,212.814,96,200.3,dqn
1293,235413,212.814,95,200.4,dqn
1294,235518,212.833,105,200.5,dqn
1295,235622,213.108,104,200.6,dqn
1296,235707,-47.2,85,200.7,dqn
1297,235949,-69.833,242,200.9,dqn
1298,236047,212.704,98,201.0,dqn
1299,236145,212.976,98,201.1,dqn
1300,236245,212.991,100,201.1,dqn
1301,236343,212.951,98,201.2,dqn
1302,236443,212.562,100,201.3,dqn
1303,236534,-47.071,91,201.4,dqn
1304,236633,212.839,99,201.5,dqn
1305,236732,212.835,99,201.6,dqn
1306,236830,212.864,98,201.7,dqn
1307,236927,212.859,97,201.8,dqn
1308,237024,212.856,97,201.9,dqn
1309,237135,213.218,111,202.0,dqn
1310,237255,212.892,120,202.1,dqn
1311,237351,212.826,96,202.2,dqn
1312,237464,212.938,113,202.3,dqn
1313,237560,213.146,96,202.4,dqn
1314,237681,213.3,121,202.5,dqn
1315,237781,212.98,100,202.6,dqn
1316,237878,212.766,97,202.7,dqn
1317,237977,212.787,99,202.8,dqn
1318,238073,212.716,96,202.9,dqn
1319,238193,213.334,120,203.0,dqn
1320,238292,212.997,99,203.1,dqn
1321,238396,212.762,104,203.1,dqn
1322,238493,212.569,97,203.2,dqn
1323,238589,212.649,96,203.3,dqn
1324,238674,-46.929,85,203.4,dqn
1325,238765,212.839,91,203.5,dqn
1326,238866,203.297,101,203.6,dqn
1327,238949,-57.114,83,203.6,dqn
1328,239054,191.932,105,203.7,dqn
1329,239153,192.227,99,203.8,dqn
1330,239257,212.316,104,203.9,dqn
1331,239378,191.6,121,204.0,dqn
1332,239508,211.114,130,204.2,dqn
1333,239607,212.787,99,204.3,dqn
1334,239706,212.893,99,204.3,dqn
1335,239808,213.086,102,204.4,dqn
1336,239912,212.714,104,204.5,dqn
1337,240018,212.688,106,204.6,dqn
1338,240114,212.914,96,204.7,dqn
1339,240223,212.047,109,204.8,dqn
1340,240324,213.404,101,204.9,dqn
1341,240445,213.37,121,205.0,dqn
1342,240554,212.098,109,205.1,dqn
1343,240649,212.776,95,205.2,dqn
1344,240753,213.245,104,205.3,dqn
1345,240852,213.041,99,205.4,dqn
1346,240966,211.926,114,205.5,dqn
1347,241063,212.934,97,205.5,dqn
1348,241158,212.739,95,205.6,dqn
1349,241253,212.864,95,205.7,dqn
1350,241353,212.891,100,205.8,dqn
1351,241445,-47.053,92,205.9,dqn
1352,241547,212.741,102,206.0,dqn
1353,241654,213.132,107,206.1,dqn
1354,241784,212.618,130,206.2,dqn
1355,241870,-46.964,86,206.3,dqn
1356,241986,212.992,116,206.4,dqn
1357,242063,-47.341,77,206.5,dqn
1358,242169,212.993,106,206.6,dqn
1359,242265,212.882,96,206.7,dqn
1360,242361,212.882,96,206.8,dqn
1361,242455,213.014,94,206.9,dqn
1362,242563,213.264,108,207.0,dqn
1363,242661,212.784,98,207.1,dqn
1364,242761,212.914,100,207.1,dqn
1365,242856,212.521,95,207.2,dqn
1366,242965,213.143,109,207.3,dqn
1367,243297,-36.428,332,207.6,dqn
1368,243397,212.86,100,207.7,dqn
1369,243495,212.869,98,207.8,dqn
1370,243596,213.129,101,207.9,dqn
1371,243696,212.622,100,208.0,dqn
1372,243794,213.229,98,208.1,dqn
1373,243894,213.034,100,208.2,dqn
1374,243998,212.724,104,208.3,dqn
1375,244093,212.562,95,208.4,dqn
1376,244186,212.958,93,208.5,dqn
1377,244278,212.891,92,208.5,dqn
1378,244656,213.978,378,208.9,dqn
1379,244746,212.826,90,209.0,dqn
1380,244863,213.493,117,209.1,dqn
1381,244965,212.907,102,209.2,dqn
1382,245077,213.538,112,209.3,dqn
1383,245173,212.809,96,209.3,dqn
1384,245245,-47.248,72,209.4,dqn
1385,245332,-47.143,87,209.5,dqn
1386,245418,-46.703,86,209.6,dqn
1387,245511,212.939,93,209.6,dqn
1388,245599,212.894,88,209.7,dqn
1389,245702,213.09,103,209.8,dqn
1390,245779,-47.004,77,209.9,dqn
1391,245875,212.914,96,210.0,dqn
1392,245974,212.761,99,210.0,dqn
1393,246068,212.794,94,210.1,dqn
1394,246169,212.755,101,210.2,dqn
1395,246268,212.912,99,210.3,dqn
1396,246362,212.916,94,210.4,dqn
1397,246467,212.744,105,210.5,dqn
1398,246563,212.816,96,210.6,dqn
1399,246874,213.143,311,210.9,dqn
1400,246972,212.716,98,211.0,dqn
1401,247065,192.27,93,211.1,dqn
1402,247165,212.914,100,211.2,dqn
1403,247263,212.904,98,211.2,dqn
1404,247362,212.91,99,211.3,dqn
1405,247461,212.744,99,211.4,dqn
1406,247559,213.282,98,211.5,dqn
1407,247660,212.841,101,211.6,dqn
1408,247707,-77.621,47,211.6,dqn
1409,247804,212.816,97,211.7,dqn
1410,247905,212.934,101,211.8,dqn
1411,248004,212.866,99,211.9,dqn
1412,248087,-47.001,83,212.0,dqn
1413,248179,212.731,92,212.1,dqn
1414,248258,-46.968,79,212.2,dqn
1415,248353,212.955,95,212.2,dqn
1416,248451,203.576,98,212.3,dqn
1417,248551,212.862,100,212.4,dqn
1418,248647,212.719,96,212.5,dqn
1419,248756,212.911,109,212.6,dqn
1420,248853,212.668,97,212.7,dqn
1421,248951,212.618,98,212.8,dqn
1422,249049,212.789,98,212.9,dqn
1423,249146,213.01,97,213.0,dqn
1424,249242,212.914,96,213.1,dqn
1425,249291,-77.678,49,213.1,dqn
1426,249393,212.589,102,213.2,dqn
1427,249525,223.504,132,213.3,dqn
1428,249573,-77.579,48,213.4,dqn
1429,249670,212.639,97,213.5,dqn
1430,249769,212.504,99,213.6,dqn
1431,249868,212.537,99,213.6,dqn
1432,249966,212.623,98,213.7,dqn
1433,250066,212.864,100,213.8,dqn
1434,250163,212.739,97,213.9,dqn
1435,250262,212.714,99,214.0,dqn
1436,250356,213.014,94,214.1,dqn
1437,250461,-36.044,105,214.2,dqn
1438,250561,212.789,100,214.3,dqn
1439,250652,-47.184,91,214.3,dqn
1440,250722,-77.311,70,214.4,dqn
1441,250812,212.517,90,214.5,dqn
1442,250914,212.789,102,214.6,dqn
1443,251019,212.396,105,214.7,dqn
1444,251272,212.746,253,214.9,dqn
1445,251365,212.556,93,215.0,dqn
1446,251453,212.706,88,215.1,dqn
1447,251549,212.698,96,215.1,dqn
1448,251636,212.756,87,215.2,dqn
1449,251726,-47.812,90,215.4,dqn
1450,251796,-47.719,70,215.5,dqn
1451,251883,212.669,87,215.5,dqn
1452,251985,203.037,102,215.6,dqn
1453,252077,192.309,92,215.7,dqn
1454,252192,191.081,115,215.8,dqn
1455,252307,241.993,115,215.9,dqn
1456,252405,213.027,98,216.0,dqn
1457,252515,211.95,110,216.1,dqn
1458,252613,212.814,98,216.2,dqn
1459,252696,-46.946,83,216.3,dqn
1460,252793,213.117,97,216.4,dqn
1461,252890,213.482,97,216.5,dqn
1462,252994,213.342,104,216.6,dqn
1463,253094,212.86,100,216.6,dqn
1464,253188,213.113,94,216.7,dqn
1465,253286,212.914,98,216.8,dqn
1466,253389,212.66,103,216.9,dqn
1467,253475,-46.973,86,217.0,dqn
1468,253574,213.005,99,217.1,dqn
1469,253675,213.239,101,217.2,dqn
1470,253775,212.929,100,217.3,dqn
1471,253870,212.864,95,217.4,dqn
1472,253973,212.863,103,217.5,dqn
1473,254064,213.034,91,217.6,dqn
1474,254168,213.239,104,217.7,dqn
1475,254269,213.294,101,217.8,dqn
1476,254366,212.604,97,217.9,dqn
1477,254466,212.91,100,218.0,dqn
1478,254562,212.887,96,218.1,dqn
1479,254642,-47.123,80,218.1,dqn
1480,254715,-47.497,73,218.2,dqn
1481,254790,-47.146,75,218.2,dqn
1482,254884,212.624,94,218.3,dqn
1483,254968,-46.726,84,218.4,dqn
1484,255047,-47.069,79,218.5,dqn
1485,255147,212.909,100,218.6,dqn
1486,255241,213.06,94,218.6,dqn
1487,255332,212.812,91,218.7,dqn
1488,255433,213.197,101,218.8,dqn
1489,255534,212.646,101,218.9,dqn
1490,255615,-46.895,81,219.0,dqn
1491,255719,212.9,104,219.1,dqn
1492,255804,212.844,85,219.2,dqn
1493,255917,212.144,113,219.3,dqn
1494,256014,213.094,97,219.4,dqn
1495,256115,212.896,101,219.4,dqn
1496,256245,223.627,130,219.6,dqn
1497,256373,212.901,128,219.7,dqn
1498,256469,212.789,96,219.8,dqn
1499,256571,212.739,102,219.9,dqn
1500,256678,192.484,107,220.0,dqn
1501,256775,212.719,97,220.1,dqn
1502,256867,212.87,92,220.2,dqn
1503,256958,212.969,91,220.3,dqn
1504,257059,212.762,101,220.4,dqn
1505,257161,213.589,102,220.5,dqn
1506,257246,-46.797,85,220.6,dqn
1507,257324,-67.404,78,220.6,dqn
1508,257431,-56.207,107,220.7,dqn
1509,257531,192.393,100,220.8,dqn
1510,257615,-47.014,84,220.9,dqn
1511,257711,212.811,96,221.0,dqn
1512,257811,213.004,100,221.1,dqn
1513,257909,212.858,98,221.2,dqn
1514,258019,213.111,110,221.3,dqn
1515,258119,212.774,100,221.4,dqn
1516,258224,213.122,105,221.5,dqn
1517,258326,212.832,102,221.6,dqn
1518,258437,212.626,111,221.7,dqn
1519,258538,212.946,101,221.8,dqn
1520,258633,212.962,95,221.9,dqn
1521,258727,212.505,94,222.0,dqn
1522,258832,213.157,105,222.1,dqn
1523,258924,212.594,92,222.2,dqn
1524,259024,212.762,100,222.2,dqn
1525,259120,212.764,96,222.3,dqn
1526,259197,-47.305,77,222.4,dqn
1527,259293,212.978,96,222.5,dqn
1528,259391,213.021,98,222.6,dqn
1529,259469,-67.499,78,222.6,dqn
1530,259566,213.043,97,222.7,dqn
1531,259729,224.834,163,222.8,dqn
1532,259853,-76.113,124,223.0,dqn
1533,259957,212.914,104,223.0,dqn
1534,260058,212.809,101,223.1,dqn
1535,260177,-48.837,119,223.2,dqn
1536,260277,212.952,100,223.3,dqn
1537,260371,213.133,94,223.4,dqn
1538,260466,213.083,95,223.5,dqn
1539,260664,209.395,198,223.7,dqn
1540,260849,212.008,185,223.9,dqn
1541,260947,-46.697,98,223.9,dqn
1542,261054,212.958,107,224.1,dqn
1543,261264,209.539,210,224.2,dqn
1544,261370,212.189,106,224.3,dqn
1545,261481,213.058,111,224.4,dqn
1546,261578,203.137,97,224.5,dqn
1547,261677,213.012,99,224.6,dqn
1548,261776,213.491,99,224.7,dqn
1549,261871,213.012,95,224.8,dqn
1550,262000,213.054,129,224.9,dqn
1551,262178,211.312,178,225.0,dqn
1552,262297,212.907,119,225.1,dqn
1553,262394,212.836,97,225.2,dqn
1554,262473,-47.373,79,225.3,dqn
1555,262588,-48.229,115,225.4,dqn
1556,262729,223.578,141,225.5,dqn
1557,262816,-46.952,87,225.6,dqn
1558,262920,212.671,104,225.7,dqn
1559,263040,211.946,120,225.8,dqn
1560,263234,222.287,194,226.0,dqn
1561,263332,-47.252,98,226.1,dqn
1562,263473,211.512,141,226.3,dqn
1563,263573,202.505,100,226.4,dqn
1564,263680,212.34,107,226.5,dqn
1565,263828,223.0,148,226.6,dqn
1566,263966,191.572,138,226.7,dqn
1567,264142,210.451,176,226.9,dqn
1568,264231,-47.733,89,226.9,dqn
1569,264352,211.901,121,227.0,dqn
1570,264449,212.341,97,227.1,dqn
1571,264553,212.91,104,227.2,dqn
1572,264648,192.214,95,227.3,dqn
1573,264745,212.704,97,227.4,dqn
1574,264832,192.145,87,227.4,dqn
1575,264940,213.459,108,227.5,dqn
1576,265039,212.778,99,227.6,dqn
1577,265132,212.812,93,227.7,dqn
1578,265231,212.491,99,227.8,dqn
1579,265333,212.993,102,227.9,dqn
1580,265445,212.968,112,228.0,dqn
1581,265557,212.77,112,228.1,dqn
1582,265646,212.571,89,228.1,dqn
1583,265778,190.335,132,228.3,dqn
1584,265883,212.955,105,228.4,dqn
1585,266018,211.131,135,228.5,dqn
1586,266130,213.009,112,228.6,dqn
1587,266299,213.399,169,228.7,dqn
1588,266396,212.867,97,228.8,dqn
1589,266611,215.959,215,229.0,dqn
1590,266739,213.764,128,229.1,dqn
1591,266848,213.435,109,229.2,dqn
1592,266947,212.853,99,229.3,dqn
1593,267048,212.915,101,229.4,dqn
1594,267145,213.081,97,229.4,dqn
1595,267240,212.852,95,229.5,dqn
1596,267345,212.201,105,229.6,dqn
1597,267442,212.922,97,229.7,dqn
1598,267543,212.749,101,229.8,dqn
1599,267641,213.098,98,229.9,dqn
1600,267743,213.201,102,229.9,dqn
1601,267849,212.451,106,230.1,dqn
1602,267951,213.29,102,230.2,dqn
1603,268052,212.95,101,230.3,dqn
1604,268155,213.031,103,230.4,dqn
1605,268267,213.536,112,230.5,dqn
1606,268374,-35.812,107,230.6,dqn
1607,268471,212.844,97,230.6,dqn
1608,268570,213.114,99,230.7,dqn
1609,268665,213.207,95,230.8,dqn
1610,268761,212.918,96,230.9,dqn
1611,269961,5.75,1200,232.0,dqn
1612,270076,212.912,115,232.1,dqn
1613,270176,212.646,100,232.1,dqn
1614,270279,213.1,103,232.2,dqn
1615,270389,212.612,110,232.3,dqn
1616,270498,213.143,109,232.4,dqn
1617,270594,203.104,96,232.5,dqn
1618,270690,192.03,96,232.6,dqn
1619,271890,-6.381,1200,233.7,dqn
1620,271987,212.868,97,233.8,dqn
1621,272127,-35.636,140,233.9,dqn
1622,272232,213.179,105,234.0,dqn
1623,272338,212.601,106,234.1,dqn
1624,272434,212.906,96,234.2,dqn
1625,272530,212.979,96,234.2,dqn
1626,272633,212.736,103,234.3,dqn
1627,272730,212.909,97,234.4,dqn
1628,272832,212.812,102,234.5,dqn
1629,272923,-46.694,91,234.6,dqn
1630,273018,212.91,95,234.7,dqn
1631,273149,212.524,131,234.8,dqn
1632,273250,212.871,101,234.9,dqn
1633,273364,213.112,114,235.0,dqn
1634,273456,-46.863,92,235.1,dqn
1635,273569,212.722,113,235.2,dqn
1636,273663,-46.854,94,235.3,dqn
1637,273752,212.531,89,235.3,dqn
1638,273850,212.914,98,235.4,dqn
1639,273949,212.785,99,235.5,dqn
1640,274591,206.322,642,236.1,dqn
1641,274689,212.758,98,236.1,dqn
1642,274786,212.959,97,236.2,dqn
1643,274882,212.789,96,236.3,dqn
1644,274981,212.741,99,236.4,dqn
1645,276181,-16.258,1200,237.5,dqn
1646,276275,213.06,94,237.5,dqn
1647,276375,212.805,100,237.6,dqn
1648,276464,212.867,89,237.7,dqn
1649,276566,212.858,102,237.8,dqn
1650,276646,-46.879,80,237.9,dqn
1651,276747,212.702,101,238.0,dqn
1652,276854,213.326,107,238.1,dqn
1653,276949,212.679,95,238.1,dqn
1654,277031,-47.024,82,238.2,dqn
1655,277129,212.846,98,238.3,dqn
1656,277225,212.864,96,238.4,dqn
1657,277324,212.641,99,238.5,dqn
1658,277421,212.814,97,238.6,dqn
1659,277514,212.816,93,238.7,dqn
1660,277612,-46.527,98,238.8,dqn
1661,277722,213.032,110,238.9,dqn
1662,277819,212.814,97,239.0,dqn
1663,277917,212.829,98,239.1,dqn
1664,278014,212.641,97,239.2,dqn
1665,278110,212.857,96,239.3,dqn
1666,278212,212.684,102,239.4,dqn
1667,278308,212.682,96,239.5,dqn
1668,278411,212.484,103,239.6,dqn
1669,278510,212.884,99,239.7,dqn
1670,278604,212.462,94,239.8,dqn
1671,278710,-76.592,106,239.9,dqn
1672,278813,212.871,103,240.0,dqn
1673,278924,212.575,111,240.1,dqn
1674,279008,-47.42,84,240.1,dqn
1675,279090,-47.078,82,240.2,dqn
1676,279190,212.654,100,240.3,dqn
1677,279284,212.729,94,240.4,dqn
1678,279383,212.712,99,240.5,dqn
1679,279482,212.541,99,240.6,dqn
1680,279556,-47.58,74,240.6,dqn
1681,279660,212.851,104,240.7,dqn
1682,279765,212.464,105,240.8,dqn
1683,279860,212.804,95,240.9,dqn
1684,279956,212.805,96,241.0,dqn
1685,280057,203.144,101,241.1,dqn
1686,280160,212.864,103,241.2,dqn
1687,280255,212.991,95,241.3,dqn
1688,280359,212.743,104,241.4,dqn
1689,280455,213.0,96,241.5,dqn
1690,280552,213.01,97,241.6,dqn
1691,280654,212.865,102,241.7,dqn
1692,280754,212.708,100,241.8,dqn
1693,280849,213.001,95,241.8,dqn
1694,281005,212.275,156,242.0,dqn
1695,281106,213.028,101,242.1,dqn
1696,281205,212.76,99,242.2,dqn
1697,281307,213.001,102,242.2,dqn
1698,281611,-80.73,304,242.5,dqn
1699,281710,233.043,99,242.6,dqn
1700,281815,-78.134,105,242.7,dqn
1701,281915,232.989,100,242.8,dqn
1702,282014,212.81,99,242.9,dqn
1703,282116,212.642,102,242.9,dqn
1704,282213,213.101,97,243.0,dqn
1705,282310,212.921,97,243.1,dqn
1706,282396,-46.969,86,243.2,dqn
1707,282490,213.016,94,243.3,dqn
1708,282542,-77.636,52,243.3,dqn
1709,282652,213.136,110,243.4,dqn
1710,282754,212.804,102,243.5,dqn
1711,282849,212.816,95,243.6,dqn
1712,282948,212.687,99,243.7,dqn
1713,283044,212.964,96,243.8,dqn
1714,283142,212.615,98,243.9,dqn
1715,283229,-46.712,87,244.0,dqn
1716,283325,212.71,96,244.1,dqn
1717,283440,213.103,115,244.2,dqn
1718,283535,213.012,95,244.3,dqn
1719,283631,213.014,96,244.4,dqn
1720,283735,212.76,104,244.4,dqn
1721,283832,192.244,97,244.5,dqn
1722,283925,192.303,93,244.6,dqn
1723,284027,192.211,102,244.7,dqn
1724,284124,212.951,97,244.8,dqn
1725,284222,212.776,98,244.9,dqn
1726,284319,212.868,97,245.0,dqn
1727,284415,213.005,96,245.1,dqn
1728,284513,212.835,98,245.1,dqn
1729,284659,211.37,146,245.3,dqn
1730,284755,212.757,96,245.4,dqn
1731,284854,212.752,99,245.5,dqn
1732,284969,253.331,115,245.6,dqn
1733,285056,-77.373,87,245.7,dqn
1734,285159,212.876,103,245.8,dqn
1735,285255,212.782,96,245.9,dqn
1736,285352,212.807,97,246.0,dqn
1737,285448,212.661,96,246.1,dqn
1738,285799,210.207,351,246.4,dqn
1739,285898,212.807,99,246.5,dqn
1740,285995,212.861,97,246.6,dqn
1741,286096,213.033,101,246.7,dqn
1742,286253,211.362,157,246.8,dqn
1743,286357,213.002,104,246.9,dqn
1744,286467,213.08,110,247.0,dqn
1745,286563,212.739,96,247.1,dqn
1746,286649,-46.993,86,247.2,dqn
1747,286720,-76.847,71,247.2,dqn
1748,286820,212.764,100,247.3,dqn
1749,286914,212.96,94,247.4,dqn
1750,286972,-77.681,58,247.4,dqn
1751,287072,192.22,100,247.5,dqn
1752,287122,-77.638,50,247.6,dqn
1753,287217,191.974,95,247.7,dqn
1754,287265,-77.538,48,247.7,dqn
1755,287520,204.778,255,248.0,dqn
1756,287655,213.712,135,248.1,dqn
1757,287758,213.073,103,248.2,dqn
1758,287845,-47.021,87,248.3,dqn
1759,287941,192.069,96,248.4,dqn
1760,288019,-67.592,78,248.5,dqn
1761,288114,212.98,95,248.6,dqn
1762,288211,212.654,97,248.7,dqn
1763,288305,212.912,94,248.8,dqn
1764,288405,213.082,100,248.8,dqn
1765,288500,212.861,95,248.9,dqn
1766,288597,212.793,97,249.0,dqn
1767,288696,212.912,99,249.1,dqn
1768,288801,213.097,105,249.2,dqn
1769,288899,212.672,98,249.3,dqn
1770,288993,213.014,94,249.4,dqn
1771,289096,212.81,103,249.5,dqn
1772,289198,212.705,102,249.6,dqn
1773,289299,213.094,101,249.6,dqn
1774,289397,212.764,98,249.7,dqn
1775,289493,212.814,96,249.8,dqn
1776,289602,212.65,109,249.9,dqn
1777,289701,212.91,99,250.0,dqn
1778,289749,-77.786,48,250.1,dqn
1779,289844,212.91,95,250.2,dqn
1780,289939,212.814,95,250.2,dqn
1781,290019,-47.267,80,250.3,dqn
1782,290117,212.86,98,250.4,dqn
1783,290206,212.881,89,250.5,dqn
1784,290324,213.301,118,250.6,dqn
1785,290420,212.685,96,250.7,dqn
1786,290531,213.152,111,250.8,dqn
1787,290608,-47.168,77,250.9,dqn
1788,290703,212.955,95,251.0,dqn
1789,290797,212.914,94,251.1,dqn
1790,290891,213.06,94,251.1,dqn
1791,290989,212.914,98,251.2,dqn
1792,291087,212.762,98,251.3,dqn
1793,291185,212.818,98,251.4,dqn
1794,291289,213.255,104,251.5,dqn
1795,291388,212.916,99,251.6,dqn
1796,291488,212.754,100,251.7,dqn
1797,291537,-77.548,49,251.7,dqn
1798,291643,212.872,106,251.8,dqn
1799,291746,212.979,103,251.9,dqn
1800,291874,213.192,128,252.0,dqn
1801,291976,213.145,102,252.2,dqn
1802,292099,213.292,123,252.4,dqn
1803,292195,212.858,96,252.6,dqn
1804,292276,-46.951,81,252.7,dqn
1805,292330,-88.748,54,252.8,dqn
1806,292433,212.712,103,252.9,dqn
1807,292578,212.728,145,253.1,dqn
1808,292683,212.962,105,253.2,dqn
1809,292764,-46.859,81,253.3,dqn
1810,292863,212.622,99,253.3,dqn
1811,293004,189.777,141,253.5,dqn
1812,293124,213.071,120,253.6,dqn
1813,293222,212.924,98,253.7,dqn
1814,293271,-77.473,49,253.7,dqn
1815,293366,212.505,95,253.8,dqn
1816,293461,212.83,95,253.9,dqn
1817,293541,-47.151,80,254.0,dqn
1818,293657,213.281,116,254.1,dqn
1819,293752,213.014,95,254.1,dqn
1820,293830,-46.869,78,254.2,dqn
1821,293930,212.449,100,254.3,dqn
1822,294027,212.901,97,254.4,dqn
1823,294142,213.347,115,254.5,dqn
1824,294236,212.914,94,254.6,dqn
1825,294342,212.849,106,254.7,dqn
1826,294437,213.01,95,254.8,dqn
1827,294530,-46.733,93,254.9,dqn
1828,294627,212.816,97,255.0,dqn
1829,294671,-78.06,44,255.0,dqn
1830,294767,212.612,96,255.1,dqn
1831,294978,-72.966,211,255.3,dqn
1832,295074,212.819,96,255.4,dqn
1833,295167,212.906,93,255.4,dqn
1834,295264,212.778,97,255.5,dqn
1835,295348,-47.218,84,255.6,dqn
1836,295444,212.819,96,255.7,dqn
1837,295543,212.966,99,255.8,dqn
1838,295638,192.17,95,255.8,dqn
1839,295735,212.674,97,255.9,dqn
1840,295826,191.87,91,256.0,dqn
1841,295937,191.939,111,256.1,dqn
1842,295987,-77.693,50,256.2,dqn
1843,296102,212.984,115,256.3,dqn
1844,296204,212.577,102,256.4,dqn
1845,296298,212.688,94,256.4,dqn
1846,296388,212.684,90,256.5,dqn
1847,296485,212.598,97,256.6,dqn
1848,296585,212.816,100,256.7,dqn
1849,296680,213.003,95,256.8,dqn
1850,296770,212.937,90,256.9,dqn
1851,296841,-47.015,71,257.0,dqn
1852,296938,212.718,97,257.1,dqn
1853,297019,-46.818,81,257.1,dqn
1854,297088,-47.144,69,257.2,dqn
1855,297184,212.708,96,257.3,dqn
1856,297283,212.912,99,257.4,dqn
1857,297380,212.729,97,257.4,dqn
1858,297457,-47.324,77,257.6,dqn
1859,297553,213.294,96,257.7,dqn
1860,297635,-46.876,82,257.7,dqn
1861,297716,-47.211,81,257.8,dqn
1862,297811,213.025,95,257.9,dqn
1863,297894,-46.919,83,258.0,dqn
1864,297977,-46.818,83,258.1,dqn
1865,298072,213.012,95,258.2,dqn
1866,298162,212.916,90,258.3,dqn
1867,298267,192.229,105,258.3,dqn
1868,298363,212.886,96,258.4,dqn
1869,298457,212.794,94,258.5,dqn
1870,298547,203.0,90,258.6,dqn
1871,298594,-77.308,47,258.6,dqn
1872,298698,212.647,104,258.7,dqn
1873,298792,212.982,94,258.9,dqn
1874,298898,213.001,106,259.0,dqn
1875,299006,212.876,108,259.1,dqn
1876,299080,-88.993,74,259.1,dqn
1877,299179,213.138,99,259.3,dqn
1878,299273,212.877,94,259.3,dqn
1879,299366,212.92,93,259.4,dqn
1880,299466,213.102,100,259.5,dqn
1881,299563,212.638,97,259.6,dqn
1882,299688,212.806,125,259.7,dqn
1883,299802,212.68,114,259.8,dqn
1884,299901,213.148,99,259.9,dqn
1885,299995,212.841,94,260.0,dqn
